Workbook

Sheet Raw
A1: Raw Sheet — Original deliveries.csv (unchanged, 13 rows including 1 duplicate)
A3: record_id | B3: month | C3: route_id | D3: hub | E3: promised_days | F3: actual_days
A4: 1 | B4: Jan | C4: R1 | D4: Mumbai | E4: 2 | F4: 2
A5: 2 | B5: Jan | C5: R2 | D5: Chennai | E5: 3 | F5: 4
A6: 3 | B6: Jan | C6: R3 | D6: Delhi | E6: 5 | F6: 8
A7: 4 | B7: Jan | C7: R4 | D7: Mumbai | E7: 6 | F7: 10
A8: 5 | B8: Feb | C8: R1 | D8: Chennai | E8: 2 | F8: 5
A9: 6 | B9: Feb | C9: R2 | D9: Delhi | E9: 3 | F9: 3
A10: 7 | B10: Feb | C10: R3 | D10: Delhi | E10: 5 | F10: 10
A11: 8 | B11: Feb | C11: R4 | D11: Chennai | E11: 6 | F11: 7
A12: 9 | B12: Mar | C12: R1 | D12: Delhi | E12: 2 | F12: 8
A13: 10 | B13: Mar | C13: R2 | D13: Mumbai | E13: 3 | F13: 5
A14: 11 | B14: Mar | C14: R3 | D14: Chennai | E14: 5 | F14: 5
A15: 12 | B15: Mar | C15: R4 | D15: Mumbai | E15: 6 | F15: 15
A16: 12 | B16: Mar | C16: R4 | D16: Mumbai | E16: 6 | F16: 15
A18: Before row count (Raw, incl. duplicate): | D18: =COUNTA(A4:A16) -> 13
A19: Duplicate row highlighted in orange (record_id 12 appears twice).

Sheet Lookup
A1: Lookup Sheet — routes.csv (4 rows)
A3: route_id | B3: route | C3: service_type
A4: R1 | B4: Metro Link | C4: Express
A5: R2 | B5: City Dash | C5: Express
A6: R3 | B6: Highway Freight | C6: Standard
A7: R4 | B7: Rural Feeder | C7: Standard

Sheet Clean
A1: Clean Sheet — duplicate removed, service_type via INDEX/MATCH, delay_days derived
A3: record_id | B3: month | C3: route_id | D3: hub | E3: promised_days | F3: actual_days | G3: service_type | H3: delay_days
A4: 1 | B4: Jan | C4: R1 | D4: Mumbai | E4: 2 | F4: 2 | G4: =INDEX(Lookup!$C$4:$C$7,MATCH(C4,Lookup!$A$4:$A$7,0)) -> Express | H4: =MAX(F4-E4,0) -> 0
A5: 2 | B5: Jan | C5: R2 | D5: Chennai | E5: 3 | F5: 4 | G5: =INDEX(Lookup!$C$4:$C$7,MATCH(C5,Lookup!$A$4:$A$7,0)) -> Express | H5: =MAX(F5-E5,0) -> 1
A6: 3 | B6: Jan | C6: R3 | D6: Delhi | E6: 5 | F6: 8 | G6: =INDEX(Lookup!$C$4:$C$7,MATCH(C6,Lookup!$A$4:$A$7,0)) -> Standard | H6: =MAX(F6-E6,0) -> 3
A7: 4 | B7: Jan | C7: R4 | D7: Mumbai | E7: 6 | F7: 10 | G7: =INDEX(Lookup!$C$4:$C$7,MATCH(C7,Lookup!$A$4:$A$7,0)) -> Standard | H7: =MAX(F7-E7,0) -> 4
A8: 5 | B8: Feb | C8: R1 | D8: Chennai | E8: 2 | F8: 5 | G8: =INDEX(Lookup!$C$4:$C$7,MATCH(C8,Lookup!$A$4:$A$7,0)) -> Express | H8: =MAX(F8-E8,0) -> 3
A9: 6 | B9: Feb | C9: R2 | D9: Delhi | E9: 3 | F9: 3 | G9: =INDEX(Lookup!$C$4:$C$7,MATCH(C9,Lookup!$A$4:$A$7,0)) -> Express | H9: =MAX(F9-E9,0) -> 0
A10: 7 | B10: Feb | C10: R3 | D10: Delhi | E10: 5 | F10: 10 | G10: =INDEX(Lookup!$C$4:$C$7,MATCH(C10,Lookup!$A$4:$A$7,0)) -> Standard | H10: =MAX(F10-E10,0) -> 5
A11: 8 | B11: Feb | C11: R4 | D11: Chennai | E11: 6 | F11: 7 | G11: =INDEX(Lookup!$C$4:$C$7,MATCH(C11,Lookup!$A$4:$A$7,0)) -> Standard | H11: =MAX(F11-E11,0) -> 1
A12: 9 | B12: Mar | C12: R1 | D12: Delhi | E12: 2 | F12: 8 | G12: =INDEX(Lookup!$C$4:$C$7,MATCH(C12,Lookup!$A$4:$A$7,0)) -> Express | H12: =MAX(F12-E12,0) -> 6
A13: 10 | B13: Mar | C13: R2 | D13: Mumbai | E13: 3 | F13: 5 | G13: =INDEX(Lookup!$C$4:$C$7,MATCH(C13,Lookup!$A$4:$A$7,0)) -> Express | H13: =MAX(F13-E13,0) -> 2
A14: 11 | B14: Mar | C14: R3 | D14: Chennai | E14: 5 | F14: 5 | G14: =INDEX(Lookup!$C$4:$C$7,MATCH(C14,Lookup!$A$4:$A$7,0)) -> Standard | H14: =MAX(F14-E14,0) -> 0
A15: 12 | B15: Mar | C15: R4 | D15: Mumbai | E15: 6 | F15: 15 | G15: =INDEX(Lookup!$C$4:$C$7,MATCH(C15,Lookup!$A$4:$A$7,0)) -> Standard | H15: =MAX(F15-E15,0) -> 9
A17: Before row count (Raw): | C17: =Raw!D18 -> 13
A18: After row count (Clean, duplicate removed): | C18: =COUNTA(A4:A15) -> 12

Sheet Summary
A1: Summary Sheet — Hub totals, Service Type x Month cross-tab, Chart
A3: Total delay_days by Hub (SUMIFS)
A4: hub | B4: total_delay_days
A5: Chennai | B5: =SUMIFS(Clean!$H$4:$H$15,Clean!$D$4:$D$15,A5) -> 5
A6: Delhi | B6: =SUMIFS(Clean!$H$4:$H$15,Clean!$D$4:$D$15,A6) -> 14
A7: Mumbai | B7: =SUMIFS(Clean!$H$4:$H$15,Clean!$D$4:$D$15,A7) -> 15
A8: TOTAL | B8: =SUM(B5:B7) -> 34
A11: PivotTable: Total delay_days by Service Type (rows) x Month (columns)
A12: service_type | B12: Jan | C12: Feb | D12: Mar | E12: Grand Total
A13: Express | B13: =SUMIFS(Clean!$H$4:$H$15,Clean!$G$4:$G$15,$A13,Clean!$B$4:$B$15,B$12) -> 1 | C13: =SUMIFS(Clean!$H$4:$H$15,Clean!$G$4:$G$15,$A13,Clean!$B$4:$B$15,C$12) -> 3 | D13: =SUMIFS(Clean!$H$4:$H$15,Clean!$G$4:$G$15,$A13,Clean!$B$4:$B$15,D$12) -> 8 | E13: =SUM(B13:D13) -> 12
A14: Standard | B14: =SUMIFS(Clean!$H$4:$H$15,Clean!$G$4:$G$15,$A14,Clean!$B$4:$B$15,B$12) -> 7 | C14: =SUMIFS(Clean!$H$4:$H$15,Clean!$G$4:$G$15,$A14,Clean!$B$4:$B$15,C$12) -> 6 | D14: =SUMIFS(Clean!$H$4:$H$15,Clean!$G$4:$G$15,$A14,Clean!$B$4:$B$15,D$12) -> 9 | E14: =SUM(B14:D14) -> 22
A15: Grand Total | B15: =SUM(B13:B14) -> 8 | C15: =SUM(C13:C14) -> 9 | D15: =SUM(D13:D14) -> 17 | E15: =SUM(E13:E14) -> 34
A17: Note: table above is a formula-driven pivot-equivalent (SUMIFS), always live and editable. For a native Excel PivotTable object referencing the same result, select Clean!A3:H15 -> Insert -> PivotTable -> Rows: service_type, Columns: month, Values: Sum of delay_days.
A19: Delay incidence rate by Service Type (actual_days > promised_days)
A20: service_type | B20: late_count | C20: total_count | D20: incidence_rate
A21: Express | B21: =SUMPRODUCT((Clean!$G$4:$G$15=A21)*(Clean!$F$4:$F$15>Clean!$E$4:$E$15)) -> 4 | C21: =COUNTIF(Clean!$G$4:$G$15,A21) -> 6 | D21: =ROUND(B21/C21,4) -> 0.6667
A22: Standard | B22: =SUMPRODUCT((Clean!$G$4:$G$15=A22)*(Clean!$F$4:$F$15>Clean!$E$4:$E$15)) -> 5 | C22: =COUNTIF(Clean!$G$4:$G$15,A22) -> 6 | D22: =ROUND(B22/C22,4) -> 0.8333
